Title,Company,Date,Url,City,Requirements,Experience
Junior Python Engineer,bART Solutions,1 листопада 2024,https://jobs.dou.ua/companies/bart-solutions/vacancies/285403/, Львів,"['AWS', 'Django', 'Python', 'React', 'PostgreSQL', 'GitHub']",0-1
QA General (Trainee/Junior) with Python,Quod Financial,31 жовтня 2024,https://jobs.dou.ua/companies/quod-financial-ukraine/vacancies/272391/," Гданськ (Польща), віддалено","['Jenkins', 'Python']",0-1
Student job: Software Engineer,Infineon Technologies,24 жовтня 2024,https://jobs.dou.ua/companies/infineon-technologies/vacancies/284665/, Львів,"['C', 'Python']",0-1
Junior Math + Python Developer (ML/AI projects),Numerical Technologies Ltd,15 жовтня 2024,https://jobs.dou.ua/companies/numerical-technologies-ltd/vacancies/283612/," Київ, віддалено",['Python'],0-1
Junior/Middle Python Developer,Astronics CSC,14 жовтня 2024,https://jobs.dou.ua/companies/astronics-csc/vacancies/81100/, Львів,"['Git', 'MySQL', 'Python']",0-1
Python Engineer,Stylus,13 листопада 2024,https://jobs.dou.ua/companies/stylus/vacancies/286834/," Київ, за кордоном, віддалено","['TypeScript', 'AWS', 'Django', 'Docker', 'Python', 'GraphQL', 'React', 'Celery', 'Redis', 'FastAPI', 'Kubernetes', 'Terraform', 'SQL', 'PostgreSQL', 'Pytest', 'GitHub']",1-3
Software Development Engineer in Test (Python),SPD Technology,13 листопада 2024,https://jobs.dou.ua/companies/spd-technology/vacancies/286775/, за кордоном,"['C', 'Airflow', 'Pandas', 'Docker', 'Matplotlib', 'Python', 'Pytest', 'Conda', 'GitHub', 'Jenkins', 'NumPy']",1-3
Full-stack розробник ( Python),MHP,13 листопада 2024,https://jobs.dou.ua/companies/mhp/vacancies/286712/," Київ, віддалено","['MongoDB', 'Django', 'RabbitMQ', 'Kafka', 'Python', 'FastAPI', 'PostgreSQL']",1-3
Middle Python Database Developer Cloud,Nova Digital,13 листопада 2024,https://jobs.dou.ua/companies/nova-digital/vacancies/266858/," Київ, віддалено","['Pandas', 'Python', 'SQL', 'PostgreSQL', 'NumPy']",1-3
Middle to Senior Python Developer for IoT Controller Project,Droppity,11 листопада 2024,https://jobs.dou.ua/companies/droppity/vacancies/286487/," за кордоном, віддалено","['AWS', 'Git', 'Django', 'Docker', 'Python', 'JWT', 'PostgreSQL', 'MySQL']",1-3
Middle Python Developer,Geniusee,8 листопада 2024,https://jobs.dou.ua/companies/geniusee/vacancies/286309/, віддалено,"['AWS', 'Pandas', 'Docker', 'Python', 'R', 'Flask', 'SQL', 'SQLAlchemy']",1-3
Strong Junior Python Developer (Ukraine location only),Deloitte,8 листопада 2024,https://jobs.dou.ua/companies/deloitte/vacancies/286292/," Київ, віддалено","['Git', 'MongoDB', 'Python', 'Flask', 'FastAPI', 'PostgreSQL', 'MySQL']",1-3
Middle Python Developer (Ukraine location only),Deloitte,8 листопада 2024,https://jobs.dou.ua/companies/deloitte/vacancies/286291/," Київ, віддалено","['AWS', 'Git', 'MongoDB', 'RabbitMQ', 'Docker', 'Python', 'Celery', 'Flask', 'FastAPI', 'Kubernetes', 'SQL', 'SQLAlchemy', 'PostgreSQL', 'Redis']",1-3
Middle Python Engineer,Nova Digital,8 листопада 2024,https://jobs.dou.ua/companies/nova-digital/vacancies/266851/," Київ, віддалено","['R', 'Pandas', 'NumPy', 'Python']",1-3
Middle Python Engineer (Data Engineer),GR8 Tech,5 листопада 2024,https://jobs.dou.ua/companies/gr8-tech/vacancies/285886/," Moldova, Poland, Лімасол (Кіпр), Прага (Чехія), віддалено","['AWS', 'Airflow', 'Kafka', 'Python', 'Kubernetes', 'Go', 'SQL', 'PostgreSQL']",1-3
Core Support Engineer (With Python),Temerix,5 листопада 2024,https://jobs.dou.ua/companies/temerix/vacancies/285739/, Вінниця,"['TypeScript', 'Lua', 'Pandas', 'Git', 'Docker', 'MongoDB', 'HTML', 'SQL', 'Go', 'Pip', 'Elasticsearch', 'Requests', 'JavaScript']",1-3
Middle Python Developer,COAX Software,4 листопада 2024,https://jobs.dou.ua/companies/coaxsoftware/vacancies/285610/, Івано-Франківськ,"['C', 'Django', 'Python', 'Flask', 'Redis', 'FastAPI', 'SQLAlchemy', 'PostgreSQL', 'Pytest', 'Elasticsearch']",1-3
Python Developer (Middle),Improvs,4 листопада 2024,https://jobs.dou.ua/companies/improvs/vacancies/285597/, віддалено,"['Git', 'GitHub']",1-3
Full Stack Engineer (Roosh),Roosh,4 листопада 2024,https://jobs.dou.ua/companies/roosh/vacancies/282232/, віддалено,"['TypeScript', 'AWS', 'MongoDB', 'Docker', 'R', 'React', 'Redis', 'Kubernetes', 'Go', 'MySQL']",1-3
Algorithm Engineer/Python,FTD solutions INC,4 листопада 2024,https://jobs.dou.ua/companies/ftd-solutions-inc/vacancies/285558/, віддалено,"['Pandas', 'Docker', 'Python', 'PHP', 'MySQL', 'SQLite', 'NumPy']",1-3
Data Engineer (Reporting),Raiffeisen Bank,30 жовтня 2024,https://jobs.dou.ua/companies/raiffeisen/vacancies/280890/," Київ, віддалено","['AWS', 'Airflow', 'Kafka', 'Docker', 'Python', 'Swift', 'Apache', 'Kubernetes', 'Go', 'SQL', 'Grafana', 'Kotlin', 'Elasticsearch', 'Prometheus', 'Java', 'GitHub']",1-3
Python Developer/Part-time Mentor,Mate academy,30 жовтня 2024,https://jobs.dou.ua/companies/mate-academy/vacancies/229356/, віддалено,['Python'],1-3
Middle Backend Engineer (Python),Poklyk,28 жовтня 2024,https://jobs.dou.ua/companies/poklyk/vacancies/274879/," Київ, за кордоном, віддалено","['Django', 'RabbitMQ', 'Docker', 'Python', 'Docker Compose', 'Celery', 'Redis', 'FastAPI', 'SQL', 'PostgreSQL', 'Pytest', 'Swagger']",1-3
General QA Engineer (Python) — Warsaw/Cyprus,PIN-UP Global,28 жовтня 2024,https://jobs.dou.ua/companies/pin-up-global/vacancies/276584/," Варшава (Польща), Лімасол (Кіпр)",['Python'],1-3
Python Developer,Pecode,28 жовтня 2024,https://jobs.dou.ua/companies/pecode-software/vacancies/284933/," Львів, віддалено","['Django', 'Docker', 'Python', 'Flask', 'SQL', 'SQLAlchemy', 'PostgreSQL', 'MySQL']",1-3
Python Developer,Sprinterra,25 жовтня 2024,https://jobs.dou.ua/companies/sprinterra/vacancies/284764/, віддалено,"['AWS', 'Git', 'Django', 'Docker', 'Python', 'Kubernetes', 'SQL', 'Angular']",1-3
Middle/Senior Python Developer (EU),CHI Software,24 жовтня 2024,https://jobs.dou.ua/companies/chi-software/vacancies/200400/," Барселона (Іспанія), Краків (Польща), віддалено","['AWS', 'Git', 'Django', 'Python', 'React', 'Flask', 'SQL', 'PostgreSQL', 'MySQL', 'Angular']",1-3
Strong Junior DevOps Engineer (with Python),UKEESS Software House,23 жовтня 2024,https://jobs.dou.ua/companies/ukeess-software-house/vacancies/284418/," Львів, віддалено","['AWS', 'Docker', 'Python', 'Terraform', 'MySQL']",1-3
Software Engineer,Aimedat,20 жовтня 2024,https://jobs.dou.ua/companies/aimedat/vacancies/284070/," Київ, віддалено","['C', 'Python']",1-3
Python Developer,OpenWeather,18 жовтня 2024,https://jobs.dou.ua/companies/openweather-ltd/vacancies/284052/," Лондон (Велика Британія), віддалено","['Git', 'Airflow', 'RabbitMQ', 'Docker', 'Python', 'Celery', 'Redis', 'PHP', 'FastAPI', 'Grafana', 'GitHub']",1-3
Middle Python Developer in QA automation,Infozahyst,18 жовтня 2024,https://jobs.dou.ua/companies/infozahyst/vacancies/283968/, Київ,"['Git', 'Pandas', 'Matplotlib', 'Python', 'Pytest', 'NumPy']",1-3
Python Developer,Join.To.IT,18 жовтня 2024,https://jobs.dou.ua/companies/join-to-it/vacancies/283920/, Київ,"['AWS', 'Django', 'Docker', 'Python', 'Docker Compose', 'Celery', 'Redis', 'FastAPI']",1-3
Full Stack Python Developer,MaybeWorks,17 жовтня 2024,https://jobs.dou.ua/companies/maybeworks/vacancies/245042/, віддалено,"['AWS', 'Git', 'Django', 'GitLab', 'Docker', 'MongoDB', 'Python', 'React', 'PostgreSQL', 'MySQL', 'GitHub', 'Angular']",1-3
Python-розробник,Дія,16 жовтня 2024,https://jobs.dou.ua/companies/thedigital/vacancies/283718/, Київ,"['C', 'Vue.js', 'Django', 'Git', 'Docker', 'GitLab', 'Python', 'MongoDB', 'RabbitMQ', 'Redis', 'FastAPI', 'Kubernetes', 'PostgreSQL', 'JavaScript', 'Java', 'GitHub']",1-3
Middle Python Developer,Drum'N'Code,16 жовтня 2024,https://jobs.dou.ua/companies/drumncode/vacancies/276250/," Запоріжжя, віддалено","['C', 'AWS', 'Django', 'Git', 'Docker', 'GitLab', 'MongoDB', 'Celery', 'Flask', 'Redis', 'SQL', 'PostgreSQL', 'MySQL', 'Grafana', 'Prometheus', 'JavaScript', 'Jenkins']",1-3
Python Developer,OX Company,15 жовтня 2024,https://jobs.dou.ua/companies/ox-company/vacancies/283605/, Львів,"['Git', 'Django', 'Docker', 'Python', 'Flask', 'FastAPI', 'SQL', 'PostgreSQL']",1-3
Python Developer,Publicis Groupe Ukraine,14 жовтня 2024,https://jobs.dou.ua/companies/publicis-groupe-ukraine/vacancies/279946/, Київ,"['Python', 'HTML', 'CSS', 'Flask', 'FastAPI', 'PostgreSQL', 'JavaScript']",1-3
Python Software Engineer for Big Data Retraining program,EPAM,30 жовтня 2024,https://jobs.dou.ua/companies/epam-systems/vacancies/285244/?from=list_hot," Київ, Харків, Львів, Дніпро, Одеса, Вінниця, Івано-Франківськ, Хмельницький, Житомир, Ужгород, Черкаси, Чернівці, віддалено","['AWS', 'Airflow', 'Kafka', 'Docker', 'Python', 'Apache', 'Kubernetes', 'SQL']",3-5
Рython developer,Yellow Stone,14 листопада 2024,https://jobs.dou.ua/companies/yellow-stone/vacancies/286973/," Київ, за кордоном, віддалено","['AWS', 'Pandas', 'Docker', 'Python', 'FastAPI', 'PostgreSQL', 'MySQL', 'Jupyter Notebook', 'NumPy']",3-5
Backend Engineer,"P-Product, Inc.",14 листопада 2024,https://jobs.dou.ua/companies/p-product/vacancies/286837/, віддалено,"['AWS', 'Git', 'Django', 'Pandas', 'Docker', 'GitLab', 'Python', 'MongoDB', 'RabbitMQ', 'Celery', 'Redis', 'FastAPI', 'Kubernetes', 'PostgreSQL', 'NumPy']",3-5
Software Chatbot Engineer,Intetics,13 листопада 2024,https://jobs.dou.ua/companies/intetics-co/vacancies/286768/," Київ, Харків, Львів, Батумі (Грузія), Дюссельдорф (Німеччина), Краків (Польща), Варшава (Польща), Єреван (Вірменія), віддалено","['AWS', 'Django', 'Docker', 'Python', 'PostgreSQL']",3-5
Senior QA Automation (Python) Engineer (24000B6S),Ciklum,12 листопада 2024,https://jobs.dou.ua/companies/ciklum/vacancies/286656/," Київ, Львів, Дніпро, Вінниця, віддалено","['C', 'AWS', 'Kafka', 'RabbitMQ', 'Docker', 'Python', 'Selenium', 'R', 'Redis', 'SQL', 'PostgreSQL', 'Pytest', 'Java']",3-5
Python Software Engineer,CXDojo,11 листопада 2024,https://jobs.dou.ua/companies/cx-dojo/vacancies/286512/, віддалено,"['AWS', 'Docker', 'Selenium', 'React', 'Celery', 'Redis', 'FastAPI', 'SQL', 'PostgreSQL']",3-5
Senior Python Developer,Flyaps,11 листопада 2024,https://jobs.dou.ua/companies/flyaps/vacancies/157572/, віддалено,"['SQL', 'Python']",3-5
Middle Python Developer,SpeedlineHub Recruiting,10 листопада 2024,https://jobs.dou.ua/companies/speedlinehub/vacancies/286382/, за кордоном,"['Django', 'MongoDB', 'Python', 'Redis', 'FastAPI', 'SQL', 'Go', 'Tornado']",3-5
Senior Python Developer (Ukraine location only),Deloitte,8 листопада 2024,https://jobs.dou.ua/companies/deloitte/vacancies/286260/," Київ, віддалено","['TypeScript', 'Git', 'MongoDB', 'RabbitMQ', 'Scala', 'Docker', 'Python', 'Flask', 'FastAPI', 'Kubernetes', 'PostgreSQL', 'MySQL', 'Grafana', 'Elasticsearch', 'Prometheus']",3-5
Backend Developer (Python),RubyPlay,8 листопада 2024,https://jobs.dou.ua/companies/rubyplay/vacancies/286246/, віддалено,"['Git', 'Django', 'Docker', 'Python', 'Flask', 'FastAPI', 'JWT', 'PostgreSQL', 'Google Cloud Platform']",3-5
Full-Stack (React/ Python) Developer,IvorySoft,7 листопада 2024,https://jobs.dou.ua/companies/ivorysoft/vacancies/286119/, віддалено,"['AWS', 'Django', 'Python', 'GraphQL', 'React', 'GitHub']",3-5
QA Automation Engineer (Python),INCOAlliance,7 листопада 2024,https://jobs.dou.ua/companies/incoalliance/vacancies/264031/, віддалено,"['R', 'Java', 'Python', 'Kubernetes']",3-5
Middle Software Development Engineer in Test (Python),inVerita,6 листопада 2024,https://jobs.dou.ua/companies/inveritasoft/vacancies/285894/," за кордоном, віддалено","['Pytest', 'Python', 'Selenium']",3-5
Middle Python Software Engineer (KYC),SoftConstruct Ukraine,5 листопада 2024,https://jobs.dou.ua/companies/softconstruct-ukraine/vacancies/285794/," Київ, віддалено","['Django', 'Docker', 'Python', 'Docker Compose', 'Celery', 'Redis', 'SQL', 'PostgreSQL', 'Grafana', 'Prometheus']",3-5
Python (Django) Developer,COXIT,5 листопада 2024,https://jobs.dou.ua/companies/coxit/vacancies/282339/," за кордоном, віддалено","['TypeScript', 'AWS', 'Django', 'Docker', 'Python', 'Celery', 'Redis']",3-5
Python Engineer,Elai Inc.,4 листопада 2024,https://jobs.dou.ua/companies/elai/vacancies/285551/, віддалено,"['Git', 'Kafka', 'Docker', 'Python', 'Kubernetes', 'PyTorch', 'NumPy']",3-5
Викладач/-ка курсу «Python Розробка»,Beetroot Academy,4 листопада 2024,https://jobs.dou.ua/companies/beetroot-academy/vacancies/222219/," Київ, Харків, Львів, Одеса, Івано-Франківськ, віддалено","['SQL', 'Django', 'Python']",3-5
Python Developer,Academy SMART,4 листопада 2024,https://jobs.dou.ua/companies/academy-smart/vacancies/282004/, віддалено,"['FastAPI', 'SQLAlchemy', 'Pandas', 'Flask']",3-5
Senior Full Stack (Python + TypeScript) Developer,Digis,3 листопада 2024,https://jobs.dou.ua/companies/digis/vacancies/282219/, віддалено,"['TypeScript', 'JavaScript', 'Python']",3-5
Python Developer/Data Scientist,Interactive Online Technologies,3 листопада 2024,https://jobs.dou.ua/companies/interactive-online-technologies/vacancies/272193/, віддалено,"['Git', 'Pandas', 'Keras', 'Docker', 'Matplotlib', 'Python', 'TensorFlow', 'SQL', 'JavaScript', 'PyTorch', 'NumPy']",3-5
"Python/Django Web Developer, Middle+\Senior",SoftFormance,1 листопада 2024,https://jobs.dou.ua/companies/softformance/vacancies/144458/," Таллінн (Естонія), віддалено","['Git', 'Django', 'RabbitMQ', 'Python', 'HTML', 'CSS', 'Celery', 'Redis', 'PostgreSQL', 'MySQL']",3-5
Middle Test Automation Engineer (Python); ID 94346,SoftServe,1 листопада 2024,https://jobs.dou.ua/companies/softserve/vacancies/285468/," Київ, Харків, Львів, Дніпро, Одеса, Вінниця, Івано-Франківськ, Луцьк, Полтава, Рівне, Тернопіль, Ужгород, Хмельницький, Чернівці, віддалено","['Pytest', 'Python']",3-5
"Mid+ Backend Developer (Python, DRF)",Radity GmbH,1 листопада 2024,https://jobs.dou.ua/companies/radity-gmbh/vacancies/265020/, віддалено,"['Django', 'Python', 'React', 'Redis', 'PostgreSQL', 'Java']",3-5
Middle Strong/Senior Python Developer [USA project],Newsoft,1 листопада 2024,https://jobs.dou.ua/companies/newsoft/vacancies/285426/, Львів,"['FastAPI', 'AWS', 'Go', 'Python']",3-5
Middle AI/ML Engineer with Python,Solvits Solutions,31 жовтня 2024,https://jobs.dou.ua/companies/solvits/vacancies/285340/, віддалено,"['Pandas', 'Python']",3-5
Middle Python Full Stack Engineer,PLANEKS,30 жовтня 2024,https://jobs.dou.ua/companies/planeks/vacancies/285156/, We're a fully remote team thus we do not have an office. Most of our developers are based in Ukraine.,"['Django', 'Python', 'HTML', 'CSS', 'Flask', 'Celery', 'Redis', 'PostgreSQL', 'MySQL', 'Elasticsearch']",3-5
Android Developer (with Python experience),SevenPro,30 жовтня 2024,https://jobs.dou.ua/companies/sevenpro/vacancies/285151/," Київ, Харків, віддалено","['AWS', 'Python', 'Kotlin', 'Google Cloud Platform', 'Java']",3-5
Middle Python Engineer,assisterr - Data Layer for Decentralised AI,29 жовтня 2024,https://jobs.dou.ua/companies/assisterr/vacancies/284990/, віддалено,"['FastAPI', 'MongoDB', 'Python', 'Redis']",3-5
Middle Python Software Engineer,Inoxoft,29 жовтня 2024,https://jobs.dou.ua/companies/inoxoft/vacancies/285082/," Львів, Вроцлав (Польща), віддалено","['AWS', 'Django', 'Python', 'React', 'PostgreSQL']",3-5
Python Developer (fintech experience),Kauri.One,29 жовтня 2024,https://jobs.dou.ua/companies/kauri-one/vacancies/275875/, за кордоном,"['Git', 'Docker', 'Python', 'Celery', 'SQL']",3-5
Middle Python AI Engineer,WebLab Technology,28 жовтня 2024,https://jobs.dou.ua/companies/weblab-technology/vacancies/266545/, віддалено,"['TypeScript', 'C', 'AWS', 'Python', 'GraphQL', 'Rust', 'Flask', 'TensorFlow', 'PHP', 'FastAPI', 'Scikit-learn', 'JavaScript', 'PyTorch']",3-5
Full-Stack Developer (Back-end oriented),SevenPro,27 жовтня 2024,https://jobs.dou.ua/companies/sevenpro/vacancies/284829/," Київ, Харків, віддалено","['Vue.js', 'AWS', 'Python', 'HTML', 'CSS', 'React', 'SQL', 'Google Cloud Platform', 'JavaScript', 'Angular']",3-5
Middle Python developer with LLM experience,HYS Enterprise,25 жовтня 2024,https://jobs.dou.ua/companies/hys-enterprise/vacancies/284796/," Одеса, Бидгощ (Польща), віддалено","['Git', 'Transformers', 'Docker', 'Python', 'Redis', 'FastAPI', 'PostgreSQL', 'NLTK', 'spaCy']",3-5
Backend Engineer,DataRobot,25 жовтня 2024,https://jobs.dou.ua/companies/datarobot/vacancies/284782/," Київ, Львів, віддалено","['AWS', 'Kubernetes', 'Python']",3-5
Middle Strong Python Engineer,Binariks,24 жовтня 2024,https://jobs.dou.ua/companies/binariks/vacancies/284659/," Львів, віддалено","['PostgreSQL', 'Django', 'Python']",3-5
Python Developer,Anadea,24 жовтня 2024,https://jobs.dou.ua/companies/anadea/vacancies/284568/, віддалено,"['AWS', 'Django', 'Python', 'FastAPI', 'PostgreSQL']",3-5
Python Developer in Hosting Services (Development & Infrastructure) Team (#105),ZONE3000,23 жовтня 2024,https://jobs.dou.ua/companies/zone3000/vacancies/284466/, віддалено,"['AWS', 'Django', 'MongoDB', 'Docker', 'RabbitMQ', 'Python', 'Kafka', 'Flask', 'SQLAlchemy', 'MySQL', 'Pytest', 'Elasticsearch', 'Unittest']",3-5
Python developer,Rolique,23 жовтня 2024,https://jobs.dou.ua/companies/rolique/vacancies/284407/," Львів, Вроцлав (Польща), віддалено","['AWS', 'Python']",3-5
Middle/Senior Python Developer,HIRETOP,22 жовтня 2024,https://jobs.dou.ua/companies/hiretop/vacancies/284337/, віддалено,"['Vue.js', 'Python', 'HTML', 'CSS', 'React', 'JavaScript', 'Angular']",3-5
Senior Full-stack Engineer (Python+JS),1648 Factory,22 жовтня 2024,https://jobs.dou.ua/companies/1648-factory/vacancies/260126/, віддалено,"['Pandas', 'Python', 'Plotly', 'Flask', 'PostgreSQL']",3-5
Senior FullStack Developer (Python/React),Intellias,22 жовтня 2024,https://jobs.dou.ua/companies/intellias/vacancies/284310/, віддалено,"['AWS', 'MySQL', 'MongoDB', 'React']",3-5
Middle Python Developer,COMPARUS UA,21 жовтня 2024,https://jobs.dou.ua/companies/comparusua/vacancies/208689/," Дніпро, віддалено","['MongoDB', 'Docker', 'Python', 'Swagger', 'Kubernetes', 'PostgreSQL', 'Jenkins']",3-5
Lead/Principal Python Engineer,Intellias,18 жовтня 2024,https://jobs.dou.ua/companies/intellias/vacancies/283962/, віддалено,"['AWS', 'Git', 'Python']",3-5
Middle Fullstack (Python + React) Engineer,Ralabs,16 жовтня 2024,https://jobs.dou.ua/companies/ralabs/vacancies/283662/, віддалено,"['AWS', 'Django', 'Python', 'React', 'Celery']",3-5
Python Developer,ReOriginal (The Originals),15 жовтня 2024,https://jobs.dou.ua/companies/reoriginal-the-originals/vacancies/283511/, віддалено,"['Python', 'CSS', 'FastAPI', 'Nginx', 'JavaScript']",3-5
Senior Python Developer in Intelligence Integration Team (#808),ZONE3000,14 жовтня 2024,https://jobs.dou.ua/companies/zone3000/vacancies/283429/, віддалено,"['AWS', 'Git', 'Django', 'MongoDB', 'Docker', 'Python', 'Celery', 'FastAPI', 'Kubernetes', 'SQLAlchemy', 'PostgreSQL', 'MySQL', 'Pytest', 'Requests', 'Unittest', 'Jenkins']",3-5
Python Web Developer,Go Wombat,14 жовтня 2024,https://jobs.dou.ua/companies/go-wombat-team/vacancies/121032/," Дніпро, Івано-Франківськ, Валенсія (Іспанія), віддалено","['Git', 'Django', 'Docker', 'Python', 'FastAPI', 'Go']",3-5
Senior Backend Engineer,IGIS,8 жовтня 2024,https://jobs.dou.ua/companies/igis/vacancies/282751/?from=list_hot," Київ, віддалено","['AWS', 'Django', 'Python']",5+
Senior Python Engineer,Scalors,14 листопада 2024,https://jobs.dou.ua/companies/scalors/vacancies/286852/, віддалено,"['AWS', 'Kafka', 'RabbitMQ', 'Docker', 'Python', 'Flask', 'SQLAlchemy', 'PostgreSQL', 'Java']",5+
Middle+/Senior Python Developer,Artkai,13 листопада 2024,https://jobs.dou.ua/companies/artkai/vacancies/286830/, віддалено,"['AWS', 'RabbitMQ', 'Docker', 'Python', 'Flask', 'Redis', 'PostgreSQL']",5+
Senior Python Developer,Intellectsoft,13 листопада 2024,https://jobs.dou.ua/companies/intellectsoft/vacancies/286781/, віддалено,"['Django', 'Docker', 'Python', 'SQL', 'Google Cloud Platform']",5+
Senior Python Developer,Numerical Technologies Ltd,13 листопада 2024,https://jobs.dou.ua/companies/numerical-technologies-ltd/vacancies/231293/," за кордоном, віддалено","['FastAPI', 'SQL', 'Python']",5+
Python Engineer,EvoTalents,12 листопада 2024,https://jobs.dou.ua/companies/evotalents/vacancies/286635/, Київ,"['AWS', 'Git', 'Pandas', 'Keras', 'MongoDB', 'Python', 'TensorFlow', 'Redis', 'PostgreSQL', 'MySQL', 'PyTorch', 'NumPy']",5+
Senior Python developer,Yalantis,12 листопада 2024,https://jobs.dou.ua/companies/yalantis/vacancies/240514/," Київ, Львів, Дніпро, Ларнака (Кіпр), Варшава (Польща), віддалено","['AWS', 'Python', 'GraphQL', 'FastAPI', 'GitHub']",5+
"Lead Full Stack (Python, React) developer",NCube Ltd.,11 листопада 2024,https://jobs.dou.ua/companies/ncube/vacancies/286445/," Київ, віддалено","['Docker', 'Python', 'React', 'Celery', 'Docker Compose', 'FastAPI', 'PostgreSQL', 'Microsoft Azure']",5+
Senior Python Full stack developer,SOFTLOFT,8 листопада 2024,https://jobs.dou.ua/companies/softloft/vacancies/263192/," Харків, віддалено","['Docker', 'Python', 'FastAPI', 'SQL', 'PostgreSQL']",5+
Python consultant,LITSLINK,8 листопада 2024,https://jobs.dou.ua/companies/litslink/vacancies/286343/, віддалено,['Python'],5+
Senior Test Automation Engineer w/ Python,DXC Luxoft,8 листопада 2024,https://jobs.dou.ua/companies/luxoft/vacancies/275834/, віддалено,"['Python', 'Selenium']",5+
Senior Backend Engineer,YozmaTech,7 листопада 2024,https://jobs.dou.ua/companies/yozma-tech/vacancies/286184/," Львів, Луцьк, віддалено","['AWS', 'Python', 'Flask', 'SQL', 'Java']",5+
JavaScript Architect with Python knowledge,Waverley Software,7 листопада 2024,https://jobs.dou.ua/companies/waverley-software/vacancies/266102/," Poland, віддалено",['Vue.js'],5+
Senior Full Stack Developer Python+JavaScript,MindfulMatch,6 листопада 2024,https://jobs.dou.ua/companies/mindfulmatch/vacancies/285974/, віддалено,"['AWS', 'Python', 'HTML', 'CSS', 'React', 'SQL', 'JavaScript', 'Angular']",5+
Senior Software Development Engineer in Test (Python),inVerita,6 листопада 2024,https://jobs.dou.ua/companies/inveritasoft/vacancies/285893/," за кордоном, віддалено","['Docker', 'Python', 'Selenium', 'Pytest', 'GitHub', 'Jenkins']",5+
Senior Backend Developer,Beetroot,5 листопада 2024,https://jobs.dou.ua/companies/beetroot/vacancies/285868/," Київ, Львів, Одеса, Івано-Франківськ, Кременчук, Полтава, віддалено","['AWS', 'Django', 'GitLab', 'Kafka', 'Python', 'Celery', 'FastAPI', 'Terraform', 'SQL', 'MySQL', 'Jenkins', 'Angular']",5+
Senior Python Developer (Datavise),Datavise,5 листопада 2024,https://jobs.dou.ua/companies/datavise/vacancies/285711/," Варшава (Польща), віддалено","['Django', 'Python', 'Celery', 'Kubernetes', 'SQL']",5+
Senior Python Developer,Radency,4 листопада 2024,https://jobs.dou.ua/companies/radency/vacancies/285620/, віддалено,"['FastAPI', 'Django', 'Python']",5+
Senior Backend Engineer,BCD TripTech,4 листопада 2024,https://jobs.dou.ua/companies/bcd-triptech/vacancies/285600/," за кордоном, віддалено","['AWS', 'Airflow', 'Django', 'Ansible', 'Docker', 'MongoDB', 'Python', 'RabbitMQ', 'React', 'Celery', 'Redis', 'Terraform', 'PostgreSQL', 'Elasticsearch']",5+
Python Developer (Senior),Vimmi Communications Ltd,4 листопада 2024,https://jobs.dou.ua/companies/vimmi-communications-ltd/vacancies/236240/," Вінниця, віддалено","['AWS', 'Django', 'MongoDB', 'Docker', 'Python', 'Flask', 'FastAPI', 'Kubernetes', 'Tornado']",5+
"Senior Full-Stack Developer (Python, Node.js, TypeScript, React)",Gearheart.io,3 листопада 2024,https://jobs.dou.ua/companies/gearheart/vacancies/279519/, віддалено,"['TypeScript', 'Vue.js', 'Django', 'GitLab', 'Docker', 'MongoDB', 'Python', 'GraphQL', 'React', 'FastAPI', 'Kubernetes', 'PostgreSQL', 'Elasticsearch', 'JavaScript', 'GitHub']",5+
Senior Backend Engineer (Python),Newxel,2 листопада 2024,https://jobs.dou.ua/companies/newxel/vacancies/263409/, віддалено,"['SQL', 'Kubernetes', 'Java', 'Python']",5+
Senior Python Developer (Tech Lead) [DreamHost],PHOBOSYS,1 листопада 2024,https://jobs.dou.ua/companies/phobosys-ukraine/vacancies/285528/," Одеса, за кордоном, віддалено","['AWS', 'Django', 'RabbitMQ', 'Apache', 'GraphQL', 'Redis', 'Nginx', 'Ansible', 'GitLab', 'Docker', 'Kubernetes', 'Terraform', 'MySQL', 'Java', 'JWT', 'Kafka', 'Python', 'Flask', 'FastAPI']",5+
Senior Python Developer,Genesis,1 листопада 2024,https://jobs.dou.ua/companies/genesis-technology-partners/vacancies/285503/," Київ, гібрид, Київ, віддалено","['Django', 'Docker', 'Python', 'R', 'Flask', 'Redis', 'SQL']",5+
"Python / C#,.NET Developer",kasko2go AG,1 листопада 2024,https://jobs.dou.ua/companies/kasko2go-ag/vacancies/285405/, віддалено,"['C', 'Git', 'Docker', 'Python', 'Kubernetes', 'SQL', 'Google Cloud Platform']",5+
Networking Automation QA Architect,PLVision,31 жовтня 2024,https://jobs.dou.ua/companies/plvision/vacancies/247329/," Київ, Львів, Одеса, віддалено","['Ansible', 'Docker', 'Python', 'Kubernetes', 'Pytest', 'Unittest']",5+
Senior QA Automation Engineer (Computer Networking),PLVision,31 жовтня 2024,https://jobs.dou.ua/companies/plvision/vacancies/251628/," Київ, Львів, Краків (Польща), віддалено","['Ansible', 'Jenkins', 'Python']",5+
Senior Python Developer,OGD Solutions,31 жовтня 2024,https://jobs.dou.ua/companies/ogd-solutions/vacancies/285304/, віддалено,"['AWS', 'Django', 'MongoDB', 'Docker', 'Python', 'GraphQL', 'Flask', 'Redis', 'PostgreSQL']",5+
Senior Python Software engineer (KYC),SoftConstruct Ukraine,31 жовтня 2024,https://jobs.dou.ua/companies/softconstruct-ukraine/vacancies/274497/, віддалено,"['Django', 'Docker', 'Python', 'Docker Compose', 'Celery', 'Redis', 'SQL', 'PostgreSQL', 'Grafana', 'Prometheus']",5+
Senior Python Developer,ANIMO,30 жовтня 2024,https://jobs.dou.ua/companies/animo/vacancies/285184/, Київ,"['C', 'Django', 'GitLab', 'Docker', 'MongoDB', 'Python', 'RabbitMQ', 'GraphQL', 'Redis', 'PHP', 'FastAPI', 'Kubernetes', 'PostgreSQL', 'Elasticsearch']",5+
Senior Full-stack (React or Vue+Python) Engineer,Ralabs,30 жовтня 2024,https://jobs.dou.ua/companies/ralabs/vacancies/285154/," Львів, за кордоном, віддалено","['Vue.js', 'Django', 'Python', 'GraphQL', 'React', 'SQL']",5+
Senior Python Engineer,Ampelfy,29 жовтня 2024,https://jobs.dou.ua/companies/ampelfy/vacancies/285123/, віддалено,"['Go', 'Elixir', 'Python']",5+
Senior Python Engineer (Short-Term Position),StartupSoft,29 жовтня 2024,https://jobs.dou.ua/companies/startup-soft/vacancies/285048/," Львів, Тернопіль","['AWS', 'Pandas', 'RabbitMQ', 'Docker', 'Python', 'Apache', 'React', 'Flask', 'Kubernetes', 'SQLAlchemy', 'PostgreSQL']",5+
Python UAV Developer (Only Kyiv location),Quantum,29 жовтня 2024,https://jobs.dou.ua/companies/quantum/vacancies/246370/, Київ,"['C', 'Python']",5+
Senior Python Developer (AWS Infrastructure),Koinly,28 жовтня 2024,https://jobs.dou.ua/companies/koinly/vacancies/268489/, віддалено,"['AWS', 'GitLab', 'Docker', 'Python', 'FastAPI', 'Kubernetes', 'Terraform', 'SQLAlchemy', 'PostgreSQL', 'GitHub', 'Jenkins']",5+
Senior Python Developer with DevOps skills,Bykova Recruitment Agency,28 жовтня 2024,https://jobs.dou.ua/companies/bykova-recruitment-agency/vacancies/284887/, віддалено,"['AWS', 'Git', 'Django', 'Pandas', 'Docker', 'GitLab', 'Python', 'MongoDB', 'RabbitMQ', 'Celery', 'Redis', 'FastAPI', 'Kubernetes', 'PostgreSQL', 'NumPy']",5+
Senior Python Engineer,Solidgate,28 жовтня 2024,https://jobs.dou.ua/companies/solidgate/vacancies/281652/, Київ,"['Django', 'RabbitMQ', 'Docker', 'Kafka', 'Python', 'Flask', 'FastAPI', 'Terraform', 'Go', 'PostgreSQL', 'MySQL', 'Kotlin', 'Java']",5+
Lead Python Engineer,Solidgate,28 жовтня 2024,https://jobs.dou.ua/companies/solidgate/vacancies/281600/, Київ,"['Django', 'RabbitMQ', 'Docker', 'Kafka', 'Python', 'Flask', 'FastAPI', 'Terraform', 'Go', 'PostgreSQL', 'MySQL', 'Kotlin', 'Java']",5+
Senior Python Developer,Betby,25 жовтня 2024,https://jobs.dou.ua/companies/betby/vacancies/284768/, віддалено,"['MongoDB', 'Kafka', 'Python']",5+
Senior FullStack Engineer,MEV,25 жовтня 2024,https://jobs.dou.ua/companies/mev/vacancies/284757/," Львів, Черкаси, віддалено","['AWS', 'Scala', 'Python', 'Ruby', 'JavaScript']",5+
Senior Backend Engineer,DataRobot,24 жовтня 2024,https://jobs.dou.ua/companies/datarobot/vacancies/284671/," Київ, Львів, віддалено","['AWS', 'Kubernetes', 'Python']",5+
Python Machine Learning Engineer,Binary Studio,24 жовтня 2024,https://jobs.dou.ua/companies/binary-studio/vacancies/270140/," за кордоном, віддалено","['AWS', 'Git', 'Pandas', 'Keras', 'Docker', 'Python', 'TensorFlow', 'Kubernetes', 'Scikit-learn', 'PyTorch', 'NumPy']",5+
Senior Backend Engineer with Python and Go,Zoral,24 жовтня 2024,https://jobs.dou.ua/companies/zoral/vacancies/198942/, віддалено,"['AWS', 'GitLab', 'Python', 'Kubernetes', 'Go', 'SQL']",5+
Founding Engineer / Tech Lead (Python / Django / AWS),Adwisely,23 жовтня 2024,https://jobs.dou.ua/companies/adwisely/vacancies/129357/, віддалено,"['AWS', 'Django', 'Docker', 'Python', 'Docker Compose', 'SQL', 'PostgreSQL']",5+
Python developer,QArea,23 жовтня 2024,https://jobs.dou.ua/companies/qarea/vacancies/277953/, віддалено,"['Docker', 'Flask', 'Python']",5+
Back-End Engineer (Python),Preply,23 жовтня 2024,https://jobs.dou.ua/companies/preply/vacancies/254333/, Київ,"['SQL', 'Django', 'Python']",5+
Senior Back-End Engineer (Python),Preply,23 жовтня 2024,https://jobs.dou.ua/companies/preply/vacancies/272702/, Київ,"['SQL', 'Django', 'Python']",5+
Senior Python Developer,Hygge Software,23 жовтня 2024,https://jobs.dou.ua/companies/hygge-software/vacancies/284462/, віддалено,"['AWS', 'Git', 'Kafka', 'Docker', 'Python', 'Redis', 'Kubernetes', 'PostgreSQL']",5+
Python/ML Developer,White Label,23 жовтня 2024,https://jobs.dou.ua/companies/ffflabel/vacancies/284370/, за кордоном,['Python'],5+
Senior Python Engineer,1648 Factory,23 жовтня 2024,https://jobs.dou.ua/companies/1648-factory/vacancies/284363/, віддалено,"['MySQL', 'PostgreSQL', 'Flask', 'Python']",5+
Senior Python Engineer (Location:Europe or Georgia),AltexSoft,22 жовтня 2024,https://jobs.dou.ua/companies/altexsoft/vacancies/284355/," Тбілісі (Грузія), віддалено","['AWS', 'Ansible', 'Django', 'Git', 'Docker', 'MongoDB', 'Python', 'Flask', 'Redis', 'Terraform', 'PostgreSQL']",5+
Senior Back-End Developer (Python),Newxel,22 жовтня 2024,https://jobs.dou.ua/companies/newxel/vacancies/280431/, віддалено,"['AWS', 'Django', 'Python', 'Flask', 'PostgreSQL']",5+
Python Developer/Architect (IoT),Quintagroup,22 жовтня 2024,https://jobs.dou.ua/companies/quintagroup/vacancies/280232/, Львів,['Python'],5+
Senior Python Developer,NerdySoft,21 жовтня 2024,https://jobs.dou.ua/companies/nerdysoft/vacancies/284220/," Львів, віддалено","['Django', 'Python', 'PostgreSQL', 'MySQL', 'JavaScript']",5+
Backend Engineer — Payments,Lyft,21 жовтня 2024,https://jobs.dou.ua/companies/lyft/vacancies/170298/," Київ, віддалено","['AWS', 'Scala', 'Python', 'Go', 'Microsoft Azure', 'Java']",5+
Senior Full Stack Developer — (Python/React/GIS),NCube Ltd.,21 жовтня 2024,https://jobs.dou.ua/companies/ncube/vacancies/284184/," Київ, віддалено","['Django', 'Python', 'React', 'Flask', 'FastAPI', 'Kubernetes', 'Google Cloud Platform']",5+
Machine Learning/Deep Learning — Python Engineer,Leobit,21 жовтня 2024,https://jobs.dou.ua/companies/leobit/vacancies/284178/, Львів,"['C', 'AWS', 'Docker', 'Python', 'Ruby', 'React', 'PHP', 'SQL', 'PyTorch', 'Angular']",5+
Senior Java Engineer (with Kotlin&Python skills) (#2124),N-iX,21 жовтня 2024,https://jobs.dou.ua/companies/n-ix/vacancies/258417/," Бухарест (Румунія), Краків (Польща), Софія (Болгарія), Вроцлав (Польща), віддалено","['Kotlin', 'Java', 'Python']",5+
Senior Python Developer,Treeum,18 жовтня 2024,https://jobs.dou.ua/companies/treeum/vacancies/244822/," Київ, віддалено","['AWS', 'MongoDB', 'GitLab', 'RabbitMQ', 'Python', 'Flask', 'Redis', 'FastAPI', 'Kubernetes', 'SQLAlchemy', 'Elasticsearch', 'Requests']",5+
Senior Python Developer,OnHires,18 жовтня 2024,https://jobs.dou.ua/companies/onhires/vacancies/283983/, віддалено,['Python'],5+
Senior Backend Developer (Python),Corva.AI,17 жовтня 2024,https://jobs.dou.ua/companies/corva/vacancies/283881/, віддалено,"['AWS', 'MongoDB', 'Kafka', 'Docker', 'Python', 'Ruby', 'Redis', 'Go', 'Pytest', 'Java']",5+
Python Integration test Engineer,Covent IT,17 жовтня 2024,https://jobs.dou.ua/companies/covent-it/vacancies/283807/, віддалено,"['TypeScript', 'C', 'Git', 'Docker', 'Python', 'R', 'Kubernetes', 'SQL', 'Pytest']",5+
Full Stack Engineer,INCOAlliance,17 жовтня 2024,https://jobs.dou.ua/companies/incoalliance/vacancies/283791/, віддалено,"['TypeScript', 'AWS', 'Python', 'R', 'React']",5+
Python Engineer with AI knowledge,Impressit,16 жовтня 2024,https://jobs.dou.ua/companies/impressit/vacancies/283759/, Львів,"['FastAPI', 'Google Cloud Platform', 'OAuth', 'Python']",5+
Senior Python Engineer,Binariks,16 жовтня 2024,https://jobs.dou.ua/companies/binariks/vacancies/283717/, віддалено,['Python'],5+
Senior Python Developer,ENESTECH Software,15 жовтня 2024,https://jobs.dou.ua/companies/enestech-software/vacancies/275483/, віддалено,"['Django', 'Python', 'React', 'Kubernetes', 'PostgreSQL', 'Angular']",5+
Python Tech Lead IRC243705,GlobalLogic,14 жовтня 2024,https://jobs.dou.ua/companies/globallogic/vacancies/283482/, віддалено,"['AWS', 'MySQL', 'OAuth', 'Python']",5+
Senior General QA Engineer (Python),BCD TripTech,14 жовтня 2024,https://jobs.dou.ua/companies/bcd-triptech/vacancies/278884/," за кордоном, віддалено","['Docker', 'Python', 'Selenium', 'React', 'Swagger', 'Pytest', 'Requests', 'Jenkins']",5+
